step,contract,pobs,tp_allocation_basis,tp_billing_basis,revenue_cum,billing_cum,remaining_allocation,position,contract_liability,contract_asset,uar_reclass_field,catchup_cum_disclosure
02,Contract 1,4,1300.0,1300.0,0.0,0.0,1300.0,0.0,0.0,-0.0,0.0,0.0
02,Contract 2,4,899.9999999999999,900.0,0.0,0.0,899.9999999999999,0.0,0.0,-0.0,0.0,0.0
03,Contract 1,4,1300.0,1300.0,0.0,0.0,1300.0,0.0,0.0,-0.0,0.0,0.0
03,Contract 2,4,899.9999999999999,900.0,0.0,0.0,899.9999999999999,0.0,0.0,-0.0,0.0,0.0
03,Contract 3,4,1300.0,1300.0,0.0,0.0,1300.0,0.0,0.0,-0.0,0.0,0.0
03,Contract 4,4,950.0000000000001,950.0,0.0,0.0,950.0000000000001,0.0,0.0,-0.0,0.0,0.0
04,Contract 1,4,1300.0,1300.0,295.6888007928642,300.0,1004.3111992071358,4.311199207135786,4.311199207135786,0.0,0.0,0.0
04,Contract 2,4,899.9999999999999,900.0,58.84615384615385,0.0,841.1538461538461,-58.84615384615385,0.0,58.84615384615385,58.84615384615385,0.0
04,Contract 3,4,1300.0,1300.0,0.0,0.0,1300.0,0.0,0.0,-0.0,0.0,0.0
04,Contract 4,4,950.0000000000001,950.0,0.0,0.0,950.0000000000001,0.0,0.0,-0.0,0.0,0.0
05,Contract 1,4,1300.0,1300.0,360.1090188305253,400.0,939.8909811694747,39.89098116947471,39.89098116947471,0.0,0.0,0.0
05,Contract 2,4,899.9999999999999,900.0,58.84615384615385,0.0,841.1538461538461,-58.84615384615385,0.0,58.84615384615385,58.84615384615385,0.0
05,Contract 3,4,1300.0,1300.0,48.31516352824579,200.0,1251.6848364717541,151.6848364717542,151.6848364717542,0.0,0.0,0.0
05,Contract 4,4,950.0000000000001,950.0,111.29402756508424,150.0,838.7059724349159,38.705972434915765,38.705972434915765,0.0,0.0,0.0
06,Contract 1,4,1300.0,1300.0,360.1090188305253,400.0,939.8909811694747,39.89098116947471,39.89098116947471,0.0,0.0,0.0
06,Contract 2,4,899.9999999999999,900.0,105.0,0.0,795.0,-105.0,0.0,105.0,105.0,0.0
06,Contract 3,4,1300.0,1300.0,166.84836471754213,400.0,1133.1516352824578,233.15163528245787,233.15163528245787,0.0,0.0,0.0
06,Contract 4,4,950.0,950.0,210.2220520673813,250.0,739.7779479326188,39.7779479326187,39.7779479326187,0.0,0.0,0.0
07,Contract 1,4,1300.0,1300.0,166.84836471754215,500.0,1133.1516352824578,333.15163528245785,333.15163528245785,0.0,0.0,0.0
07,Contract 2,4,899.9999999999999,900.0,105.0,20.0,795.0,-85.0,0.0,85.0,85.0,0.0
07,Contract 3,4,1300.0,1300.0,166.84836471754213,400.0,1133.1516352824578,233.15163528245787,233.15163528245787,0.0,0.0,0.0
07,Contract 4,4,950.0,950.0,210.2220520673813,250.0,739.7779479326188,39.7779479326187,39.7779479326187,0.0,0.0,0.0
08,Contract 1,4,1300.0,1300.0,166.84836471754215,500.0,1133.1516352824578,333.15163528245785,333.15163528245785,0.0,0.0,0.0
08,Contract 2,4,1300.0,1300.0,128.86710239651416,20.0,1171.1328976034858,-108.86710239651416,0.0,108.86710239651416,108.86710239651416,23.867102396514156
08,Contract 3,4,1300.0,1300.0,166.84836471754213,400.0,1133.1516352824578,233.15163528245787,233.15163528245787,0.0,0.0,0.0
08,Contract 4,4,950.0,950.0,210.2220520673813,250.0,739.7779479326188,39.7779479326187,39.7779479326187,0.0,0.0,0.0
09,Contract 1,4,1300.0,1300.0,166.84836471754215,500.0,1133.1516352824578,333.15163528245785,333.15163528245785,0.0,0.0,0.0
09,Contract 2,4,1100.0,1100.0,110.18578371519548,20.0,989.8142162848045,-90.18578371519548,0.0,90.18578371519548,90.1857837151955,5.185783715195484
09,Contract 3,4,1300.0,1300.0,166.84836471754213,400.0,1133.1516352824578,233.15163528245787,233.15163528245787,0.0,0.0,0.0
09,Contract 4,4,950.0,950.0,210.2220520673813,250.0,739.7779479326188,39.7779479326187,39.7779479326187,0.0,0.0,0.0
10,Contract 1,4,800.0,800.0,161.5495488970985,500.0,638.4504511029015,338.45045110290147,338.45045110290147,0.0,0.0,-5.29881582044365
10,Contract 2,4,1100.0,1100.0,110.18578371519548,20.0,989.8142162848045,-90.18578371519548,0.0,90.18578371519548,90.1857837151955,5.185783715195484
10,Contract 3,4,1300.0,1300.0,166.84836471754213,400.0,1133.1516352824578,233.15163528245787,233.15163528245787,0.0,0.0,0.0
10,Contract 4,4,950.0,950.0,210.2220520673813,250.0,739.7779479326188,39.7779479326187,39.7779479326187,0.0,0.0,0.0
11,Contract 1,4,800.0,800.0,161.5495488970985,500.0,638.4504511029015,338.45045110290147,338.45045110290147,0.0,0.0,-5.29881582044365
11,Contract 2,4,1100.0,1100.0,110.18578371519548,20.0,989.8142162848045,-90.18578371519548,0.0,90.18578371519548,90.1857837151955,5.185783715195484
11,Contract 3,4,1800.0,1800.0,173.84194588479875,400.0,1626.1580541152011,226.15805411520125,226.15805411520125,0.0,0.0,6.993581167256636
11,Contract 4,4,1250.0,1250.0,210.2220520673813,250.0,1039.7779479326186,39.7779479326187,39.7779479326187,0.0,0.0,0.0
12,Contract 1,4,800.0,800.0,161.5495488970985,500.0,638.4504511029015,338.45045110290147,338.45045110290147,0.0,0.0,-5.29881582044365
12,Contract 2,4,1100.0,1100.0,110.18578371519548,20.0,989.8142162848045,-90.18578371519548,0.0,90.18578371519548,90.1857837151955,5.185783715195484
12,Contract 3,4,1600.0,1600.0,215.94580510682647,400.0,1384.0541948931736,184.05419489317353,184.05419489317353,0.0,0.0,49.09744038928435
12,Contract 4,4,1200.0,1200.0,226.518615284128,250.0,973.4813847158721,23.481384715871982,23.481384715871982,0.0,0.0,16.29656321674669
13,Contract 1,4,800.0,800.0,161.5495488970985,500.0,638.4504511029015,338.45045110290147,338.45045110290147,0.0,0.0,-5.29881582044365
13,Contract 2,4,1100.0,1100.0,110.18578371519548,20.0,989.8142162848045,-90.18578371519548,0.0,90.18578371519548,90.1857837151955,5.185783715195484
13,Contract 3,5,2600.0000000000005,2600.0,248.08521725632812,400.0,2351.914782743672,151.91478274367188,151.91478274367188,0.0,0.0,81.23685253878598
13,Contract 4,4,1200.0,1200.0,226.518615284128,250.0,973.4813847158721,23.481384715871982,23.481384715871982,0.0,0.0,16.29656321674669
14,Contract 1,4,800.0,800.0,800.0,800.0,0.0,0.0,0.0,-0.0,0.0,-5.29881582044365
14,Contract 2,4,1100.0,1100.0,1100.0,1100.0,0.0,2.842170943040401e-14,2.842170943040401e-14,0.0,0.0,5.185783715195484
14,Contract 3,5,2600.0,2600.0,2600.0,2600.0,0.0,-2.2737367544323206e-13,0.0,2.2737367544323206e-13,2.2737367544323206e-13,81.23685253878598
14,Contract 4,4,1200.0,1200.0,1200.0,1200.0,0.0,-5.684341886080802e-14,0.0,5.684341886080802e-14,5.684341886080802e-14,16.29656321674669
