Contract,POB,SKU,Strat,D/N,Original allocation,Final allocation (rev cum + remaining),Qty delivered cum,Revenue cum,Billing cum,Remaining qty,Remaining allocation,Position POB,Catch-up cum (disclosure)
Contract 1,POB #1,Hardware 1,Hardware 1,Distinct,322.10109018830525,2.8421709430404014e-14,0.0,2.8421709430404014e-14,0,0,0.0,-2.8421709430404014e-14,0.0
Contract 1,POB #2,Software 1,Software 1,Distinct,237.06640237859267,211.06687941961584,2.0,211.06687941961584,400,0,0.0,188.93312058038416,0.0
Contract 1,POB #3,Consulting 1,Consulting 1,Nondistinct,96.63032705649158,86.03269541560428,1.0,86.03269541560428,400,0,0.0,313.9673045843957,-5.29881582044365
Contract 1,POB #4,Material Right - Hardware,Material Right - Hardware,Distinct,644.2021803766105,502.90042516477985,1000.0,502.90042516477985,0,0,0.0,-502.90042516477985,0.0
Contract 2,POB #1,Hardware 1,Hardware 1,Distinct,470.7692307692308,573.2026143790849,10.0,573.2026143790849,800,0,0.0,226.7973856209151,-5.305250305250304
Contract 2,POB #2,Software 1,Software 1,Distinct,313.8461538461538,385.1851851851852,3.0,385.1851851851852,400,0,0.0,14.81481481481478,0.0
Contract 2,POB #3,Consulting 1,Consulting 1,Nondistinct,115.38461538461536,141.61220043572985,1.0,141.61220043572985,0,0,0.0,-141.61220043572985,10.491034020445788
Contract 2,VC #1,Variable Consideration,VC,Nondistinct,0.0,0.0,1.0,0.0,-100,0,0.0,-100.0,0.0
Contract 3,POB #1,Hardware 1,Hardware 1,Distinct,322.10109018830525,678.0182497533068,3.0,678.0182497533068,800,0,0.0,121.9817502466932,0.0
Contract 3,POB #2,Software 1,Software 1,Distinct,237.06640237859267,464.52385440111766,2.0,464.52385440111766,400,0,0.0,-64.52385440111766,34.88003487115182
Contract 3,POB #3,Consulting 1,Consulting 1,Nondistinct,96.63032705649158,189.34396239175987,1.0,189.34396239175987,400,0,0.0,210.65603760824013,46.35681766763416
Contract 3,POB #4,Material Right - Services,Material Right - Services,Nondistinct,644.2021803766105,0.0,0.0,0.0,0,0,0.0,0.0,0.0
Contract 3,POB #5,Consulting 1,Consulting 1,Nondistinct,,1268.113933453816,5.0,1268.113933453816,1000,0,0.0,-268.1139334538159,0.0
Contract 4,POB #1,Hardware 1,Hardware 1,Distinct,445.17611026033694,479.6864794252122,8.0,479.6864794252122,600,0,0.0,120.31352057478772,8.627592291218818
Contract 4,POB #2,Software 1,Software 1,Distinct,395.7120980091884,426.38798171129986,4.0,426.38798171129986,400,0,0.0,-26.387981711299854,7.668970925527873
Contract 4,POB #3,Consulting 1,Consulting 1,Nondistinct,109.11179173047474,293.92553886348793,2.5,293.92553886348793,400,0,0.0,106.07446113651208,0.0
Contract 4,VC #1,Variable Consideration,VC,Nondistinct,0.0,0.0,1.0,0.0,-200,0,0.0,-200.0,0.0
